Juan Carlos,Quiñones,Atiquizaya,2003-03-13,Masculino,Tecnico
Maria Juana,Perez,Ciudad Arce,2002-07-15,Femenino,Tecnico
Pedro Ernesto,Trujillo,Mexicanos,1996-09-02,Masculino,Tecnico
Pablo Jose,Hernandez,Sonsacate,1987-01-23,Masculino,Tecnico
Carlos Eduardo,Gómez,El Refujio,2003-10-12,Masculino,Tecnico
Alejandro,Martínez Ruiz,Chalchuapa,2002-09-14,Masculino,Tecnico
Carlos Jose,Gómez,Sonsacate,1987-12-15,Masculino,Tecnico
Daniel Alejandro,Silva,San Sebastian,1995-11-18,Masculino,Tecnico
Gabriel Enrique,Morales,Turin,2004-04-15,Masculino,Tecnico
Javier Antonio,Mendoza,Ataco,1998-06-12,Masculino,Tecnico
Luis Fernando,Castillo,Apaneca,1989-09-02,Masculino,Tecnico
Mateo Alejandro,Vargas,San Luis,1999-04-07,Masculino,Tecnico
Ricardo David,Herrera,San Lorenzo,2003-07-23,Masculino,Tecnico
Santiago Miguel,Castro,Lourdes,1994-02-12,Masculino,Tecnico
Tomás Ignacio,Navarro,El congo,1997-03-15,Masculino,Tecnico
Camila Sofía,Rodríguez,Santa Rosa,2000-04-10,Femenino,Jefe de Area
Valentina Lucía,Pérez,San Matias,2001-06-14,Femenino,Jefe de Area
Mariana Isabela,Blanco,Lourdes,1995-02-11,Femenino,Jefe de Area
Isabella Victoria,Rojas,San Miguelito,1998-07-18,Femenino,Gerente
Ximena Fernanda,Flores,Santa Tecla,2003-09-14,Femenino,Gerente
Gabriela Alejandra,Ortiz,Soyapango,2005-02-01,Femenino,Supervisor
Regina del Carmen,Sosa,Ilopango,1997-12-15,Femenino,Supervisor
Andrea Nicole,Aguilar,Cadelaria,1998-10-14,Femenino,Supervisor
Paula Daniela,Herrera,Nuevo Cuscatlan,1996-04-17,Femenino,Supervisor
Sam Gabriel,Duarte,San Marcos,2003-12-12,Masculino,Supervisor